,threshold,loss
0,0.01,1548028.0
1,0.02,1548028.0
2,0.03,1548020.0
3,0.04,1547932.0
4,0.05,58903.58000000001
5,0.06,59701.120000000024
6,0.07,59881.24000000001
7,0.08,64279.270000000004
8,0.09,68181.78000000001
9,0.1,69651.59
10,0.2,124225.98000000001
11,0.3,185184.86999999997
12,0.4,249018.05999999988
13,0.5,321256.6999999998
14,0.6,388070.8199999994
15,0.7,487704.72999999917
16,0.8,594261.4899999999
17,0.9,860681.8400000015
18,1.0,1247884.1700000013
