category,difference
entertainment,-4.170347792667354
food_dining,-5.071133297284234
gas_transport,-1.9313517846929793
grocery_net,-1.7300492792493274
grocery_pos,13.76610707301264
health_fitness,-4.879345593274962
home,-6.896701975062392
kids_pets,-5.565392911548827
misc_net,7.352092369848578
misc_pos,-2.8287253540623634
personal_care,-4.091985171575392
shopping_net,15.388271897264966
shopping_pos,2.2462350698046847
travel,-1.5876732505130415
