gender,gender_fraud,gender_not_fraud
F,49.76019184652279,54.77388922631555
M,50.23980815347721,45.22611077368444
